N,CRR,BS
2,7.235185883,8.102643534
3,8.745790833,8.102643534
4,7.645066547,8.102643534
5,8.486355774,8.102643534
6,7.792852787,8.102643534
7,8.375656465,8.102643534
8,7.868654436,8.102643534
9,8.314435947,8.102643534
10,7.91470139,8.102643534
11,8.275613048,8.102643534
12,7.945622567,8.102643534
13,8.248806641,8.102643534
14,7.967814092,8.102643534
15,8.229188816,8.102643534
16,7.984513384,8.102643534
17,8.214211278,8.102643534
18,7.9975339,8.102643534
19,8.20240244,8.102643534
20,8.007970188,8.102643534
21,8.192853269,8.102643534
22,8.016521898,8.102643534
23,8.184971994,8.102643534
24,8.023657091,8.102643534
25,8.17835684,8.102643534
26,8.029700716,8.102643534
27,8.172725455,8.102643534
28,8.034885412,8.102643534
29,8.167873617,8.102643534
30,8.039382106,8.102643534
31,8.163649964,8.102643534
32,8.0433192,8.102643534
33,8.159939932,8.102643534
34,8.046795022,8.102643534
35,8.156655213,8.102643534
36,8.04988614,8.102643534
37,8.153726646,8.102643534
38,8.052653067,8.102643534
39,8.15109929,8.102643534
40,8.055144256,8.102643534
41,8.148728953,8.102643534
42,8.057398965,8.102643534
43,8.146579682,8.102643534
44,8.059449339,8.102643534
45,8.144621932,8.102643534
46,8.061321948,8.102643534
47,8.142831198,8.102643534
48,8.063038947,8.102643534
49,8.141186981,8.102643534
50,8.064618959,8.102643534
51,8.13967201,8.102643534
52,8.066077747,8.102643534
53,8.13827162,8.102643534
54,8.067428746,8.102643534
55,8.136973289,8.102643534
56,8.068683476,8.102643534
57,8.135766251,8.102643534
58,8.069851873,8.102643534
59,8.134641205,8.102643534
60,8.07094255,8.102643534
61,8.133590072,8.102643534
62,8.071963012,8.102643534
63,8.132605799,8.102643534
64,8.072919828,8.102643534
65,8.131682205,8.102643534
66,8.073818772,8.102643534
67,8.130813846,8.102643534
68,8.07466494,8.102643534
69,8.129995911,8.102643534
70,8.075462847,8.102643534
71,8.129224132,8.102643534
72,8.076216507,8.102643534
73,8.12849471,8.102643534
74,8.076929501,8.102643534
75,8.127804251,8.102643534
76,8.077605034,8.102643534
77,8.127149715,8.102643534
78,8.078245983,8.102643534
79,8.126528368,8.102643534
80,8.078854937,8.102643534
81,8.12593775,8.102643534
82,8.079434234,8.102643534
83,8.125375636,8.102643534
84,8.079985988,8.102643534
85,8.12484001,8.102643534
86,8.080512118,8.102643534
87,8.124329044,8.102643534
88,8.081014369,8.102643534
89,8.123841074,8.102643534
90,8.08149433,8.102643534
91,8.12337458,8.102643534
92,8.081953453,8.102643534
93,8.122928176,8.102643534
94,8.082393065,8.102643534
95,8.122500592,8.102643534
96,8.082814385,8.102643534
97,8.122090661,8.102643534
98,8.083218532,8.102643534
99,8.121697313,8.102643534
100,8.083606533,8.102643534
101,8.121319561,8.102643534
102,8.083979339,8.102643534
103,8.120956496,8.102643534
104,8.084337823,8.102643534
105,8.120607278,8.102643534
106,8.084682796,8.102643534
107,8.12027113,8.102643534
108,8.085015008,8.102643534
109,8.11994733,8.102643534
110,8.085335154,8.102643534
111,8.119635211,8.102643534
112,8.085643879,8.102643534
113,8.119334153,8.102643534
114,8.085941784,8.102643534
115,8.119043577,8.102643534
116,8.086229428,8.102643534
117,8.118762945,8.102643534
118,8.086507332,8.102643534
119,8.118491756,8.102643534
120,8.086775982,8.102643534
121,8.11822954,8.102643534
122,8.087035834,8.102643534
123,8.11797586,8.102643534
124,8.087287312,8.102643534
125,8.117730306,8.102643534
126,8.087530814,8.102643534
127,8.117492493,8.102643534
128,8.087766715,8.102643534
129,8.11726206,8.102643534
130,8.087995365,8.102643534
131,8.117038671,8.102643534
132,8.088217093,8.102643534
133,8.116822005,8.102643534
134,8.088432208,8.102643534
135,8.116611766,8.102643534
136,8.088641002,8.102643534
137,8.11640767,8.102643534
138,8.08884375,8.102643534
139,8.116209452,8.102643534
140,8.08904071,8.102643534
141,8.116016862,8.102643534
142,8.089232128,8.102643534
143,8.115829664,8.102643534
144,8.089418233,8.102643534
145,8.115647634,8.102643534
146,8.089599243,8.102643534
147,8.115470562,8.102643534
148,8.089775366,8.102643534
149,8.115298247,8.102643534
150,8.089946796,8.102643534
151,8.1151305,8.102643534
152,8.090113719,8.102643534
153,8.114967142,8.102643534
154,8.090276309,8.102643534
155,8.114808003,8.102643534
156,8.090434734,8.102643534
157,8.114652922,8.102643534
158,8.090589152,8.102643534
159,8.114501745,8.102643534
160,8.090739712,8.102643534
161,8.114354327,8.102643534
162,8.090886557,8.102643534
163,8.114210529,8.102643534
164,8.091029824,8.102643534
165,8.11407022,8.102643534
166,8.091169641,8.102643534
167,8.113933274,8.102643534
168,8.091306132,8.102643534
169,8.113799571,8.102643534
170,8.091439413,8.102643534
171,8.113668999,8.102643534
172,8.091569598,8.102643534
173,8.113541447,8.102643534
174,8.091696792,8.102643534
175,8.113416813,8.102643534
176,8.091821097,8.102643534
177,8.113294997,8.102643534
178,8.09194261,8.102643534
179,8.113175906,8.102643534
180,8.092061426,8.102643534
181,8.113059448,8.102643534
182,8.092177632,8.102643534
183,8.112945537,8.102643534
184,8.092291313,8.102643534
185,8.11283409,8.102643534
186,8.092402552,8.102643534
187,8.11272503,8.102643534
188,8.092511425,8.102643534
189,8.112618278,8.102643534
190,8.092618007,8.102643534
191,8.112513764,8.102643534
192,8.092722371,8.102643534
193,8.112411417,8.102643534
194,8.092824584,8.102643534
195,8.112311171,8.102643534
196,8.092924713,8.102643534
197,8.112212962,8.102643534
198,8.09302282,8.102643534
199,8.112116728,8.102643534
200,8.093118966,8.102643534
201,8.11202241,8.102643534
202,8.09321321,8.102643534
203,8.111929952,8.102643534
204,8.093305607,8.102643534
205,8.111839299,8.102643534
206,8.09339621,8.102643534
207,8.111750399,8.102643534
208,8.093485073,8.102643534
209,8.111663201,8.102643534
210,8.093572244,8.102643534
211,8.111577657,8.102643534
212,8.093657771,8.102643534
213,8.11149372,8.102643534
214,8.0937417,8.102643534
215,8.111411346,8.102643534
216,8.093824076,8.102643534
217,8.111330492,8.102643534
218,8.093904942,8.102643534
219,8.111251114,8.102643534
220,8.093984338,8.102643534
221,8.111173175,8.102643534
222,8.094062304,8.102643534
223,8.111096634,8.102643534
224,8.094138879,8.102643534
225,8.111021455,8.102643534
226,8.094214099,8.102643534
227,8.110947601,8.102643534
228,8.094288001,8.102643534
229,8.110875037,8.102643534
230,8.094360618,8.102643534
231,8.110803731,8.102643534
232,8.094431983,8.102643534
233,8.11073365,8.102643534
234,8.09450213,8.102643534
235,8.110664762,8.102643534
236,8.094571088,8.102643534
237,8.110597037,8.102643534
238,8.094638887,8.102643534
239,8.110530447,8.102643534
240,8.094705557,8.102643534
241,8.110464962,8.102643534
242,8.094771126,8.102643534
243,8.110400556,8.102643534
244,8.094835621,8.102643534
245,8.110337202,8.102643534
246,8.094899067,8.102643534
247,8.110274874,8.102643534
248,8.094961491,8.102643534
249,8.110213548,8.102643534
250,8.095022916,8.102643534
251,8.1101532,8.102643534
252,8.095083367,8.102643534
253,8.110093806,8.102643534
254,8.095142866,8.102643534
255,8.110035345,8.102643534
256,8.095201436,8.102643534
257,8.109977794,8.102643534
258,8.095259099,8.102643534
259,8.109921132,8.102643534
260,8.095315874,8.102643534
261,8.109865338,8.102643534
262,8.095371784,8.102643534
263,8.109810394,8.102643534
264,8.095426847,8.102643534
265,8.10975628,8.102643534
266,8.095481082,8.102643534
267,8.109702976,8.102643534
268,8.095534508,8.102643534
269,8.109650466,8.102643534
270,8.095587142,8.102643534
271,8.109598731,8.102643534
272,8.095639004,8.102643534
273,8.109547754,8.102643534
274,8.095690108,8.102643534
275,8.109497519,8.102643534
276,8.095740472,8.102643534
277,8.10944801,8.102643534
278,8.095790112,8.102643534
279,8.109399211,8.102643534
280,8.095839043,8.102643534
281,8.109351107,8.102643534
282,8.09588728,8.102643534
283,8.109303683,8.102643534
284,8.095934838,8.102643534
285,8.109256925,8.102643534
286,8.095981731,8.102643534
287,8.109210819,8.102643534
288,8.096027974,8.102643534
289,8.109165352,8.102643534
290,8.096073578,8.102643534
291,8.10912051,8.102643534
292,8.096118559,8.102643534
293,8.10907628,8.102643534
294,8.096162927,8.102643534
295,8.10903265,8.102643534
296,8.096206696,8.102643534
297,8.108989608,8.102643534
298,8.096249878,8.102643534
299,8.108947142,8.102643534
300,8.096292485,8.102643534
301,8.10890524,8.102643534
302,8.096334527,8.102643534
303,8.108863892,8.102643534
304,8.096376017,8.102643534
305,8.108823086,8.102643534
306,8.096416964,8.102643534
307,8.108782813,8.102643534
308,8.09645738,8.102643534
309,8.108743061,8.102643534
310,8.096497274,8.102643534
311,8.10870382,8.102643534
312,8.096536657,8.102643534
313,8.108665081,8.102643534
314,8.096575539,8.102643534
315,8.108626834,8.102643534
316,8.096613929,8.102643534
317,8.10858907,8.102643534
318,8.096651836,8.102643534
319,8.108551779,8.102643534
320,8.096689269,8.102643534
321,8.108514954,8.102643534
322,8.096726238,8.102643534
323,8.108478585,8.102643534
324,8.09676275,8.102643534
325,8.108442663,8.102643534
326,8.096798814,8.102643534
327,8.108407181,8.102643534
328,8.096834439,8.102643534
329,8.108372131,8.102643534
330,8.096869632,8.102643534
331,8.108337504,8.102643534
332,8.096904402,8.102643534
333,8.108303293,8.102643534
334,8.096938755,8.102643534
335,8.108269491,8.102643534
336,8.096972699,8.102643534
337,8.108236091,8.102643534
338,8.097006242,8.102643534
339,8.108203084,8.102643534
340,8.09703939,8.102643534
341,8.108170465,8.102643534
342,8.097072151,8.102643534
343,8.108138227,8.102643534
344,8.097104531,8.102643534
345,8.108106362,8.102643534
346,8.097136537,8.102643534
347,8.108074865,8.102643534
348,8.097168174,8.102643534
349,8.108043729,8.102643534
350,8.097199451,8.102643534
351,8.108012948,8.102643534
352,8.097230372,8.102643534
353,8.107982516,8.102643534
354,8.097260944,8.102643534
355,8.107952427,8.102643534
356,8.097291173,8.102643534
357,8.107922675,8.102643534
358,8.097321064,8.102643534
359,8.107893254,8.102643534
360,8.097350623,8.102643534
361,8.10786416,8.102643534
362,8.097379855,8.102643534
363,8.107835387,8.102643534
364,8.097408766,8.102643534
365,8.107806929,8.102643534
366,8.097437362,8.102643534
367,8.107778781,8.102643534
368,8.097465647,8.102643534
369,8.107750938,8.102643534
370,8.097493626,8.102643534
371,8.107723396,8.102643534
372,8.097521304,8.102643534
373,8.107696149,8.102643534
374,8.097548686,8.102643534
375,8.107669193,8.102643534
376,8.097575778,8.102643534
377,8.107642523,8.102643534
378,8.097602582,8.102643534
379,8.107616135,8.102643534
380,8.097629105,8.102643534
381,8.107590023,8.102643534
382,8.09765535,8.102643534
383,8.107564185,8.102643534
384,8.097681321,8.102643534
385,8.107538615,8.102643534
386,8.097707024,8.102643534
387,8.107513309,8.102643534
388,8.097732461,8.102643534
389,8.107488264,8.102643534
390,8.097757638,8.102643534
391,8.107463475,8.102643534
392,8.097782558,8.102643534
393,8.107438938,8.102643534
394,8.097807225,8.102643534
395,8.10741465,8.102643534
396,8.097831644,8.102643534
397,8.107390607,8.102643534
398,8.097855816,8.102643534
399,8.107366805,8.102643534
400,8.097879747,8.102643534
401,8.10734324,8.102643534
402,8.09790344,8.102643534
403,8.107319909,8.102643534
404,8.097926899,8.102643534
405,8.107296809,8.102643534
406,8.097950126,8.102643534
407,8.107273936,8.102643534
408,8.097973126,8.102643534
409,8.107251287,8.102643534
410,8.097995902,8.102643534
411,8.107228858,8.102643534
412,8.098018456,8.102643534
413,8.107206646,8.102643534
414,8.098040793,8.102643534
415,8.107184649,8.102643534
416,8.098062914,8.102643534
417,8.107162863,8.102643534
418,8.098084825,8.102643534
419,8.107141284,8.102643534
420,8.098106526,8.102643534
421,8.107119911,8.102643534
422,8.098128022,8.102643534
423,8.10709874,8.102643534
424,8.098149316,8.102643534
425,8.107077768,8.102643534
426,8.098170409,8.102643534
427,8.107056993,8.102643534
428,8.098191305,8.102643534
429,8.107036412,8.102643534
430,8.098212007,8.102643534
431,8.107016021,8.102643534
432,8.098232518,8.102643534
433,8.106995819,8.102643534
434,8.098252839,8.102643534
435,8.106975803,8.102643534
436,8.098272974,8.102643534
437,8.10695597,8.102643534
438,8.098292925,8.102643534
439,8.106936318,8.102643534
440,8.098312695,8.102643534
441,8.106916844,8.102643534
442,8.098332286,8.102643534
443,8.106897546,8.102643534
444,8.098351701,8.102643534
445,8.106878422,8.102643534
446,8.098370941,8.102643534
447,8.106859469,8.102643534
448,8.09839001,8.102643534
449,8.106840684,8.102643534
450,8.098408909,8.102643534
451,8.106822067,8.102643534
452,8.098427641,8.102643534
453,8.106803613,8.102643534
454,8.098446208,8.102643534
455,8.106785322,8.102643534
456,8.098464612,8.102643534
457,8.106767192,8.102643534
458,8.098482856,8.102643534
459,8.106749219,8.102643534
460,8.098500941,8.102643534
461,8.106731402,8.102643534
462,8.098518869,8.102643534
463,8.106713739,8.102643534
464,8.098536643,8.102643534
465,8.106696228,8.102643534
466,8.098554265,8.102643534
467,8.106678867,8.102643534
468,8.098571735,8.102643534
469,8.106661655,8.102643534
470,8.098589058,8.102643534
471,8.106644588,8.102643534
472,8.098606233,8.102643534
473,8.106627666,8.102643534
474,8.098623264,8.102643534
475,8.106610886,8.102643534
476,8.098640151,8.102643534
477,8.106594247,8.102643534
478,8.098656897,8.102643534
479,8.106577747,8.102643534
480,8.098673504,8.102643534
481,8.106561385,8.102643534
482,8.098689973,8.102643534
483,8.106545158,8.102643534
484,8.098706305,8.102643534
485,8.106529064,8.102643534
486,8.098722504,8.102643534
487,8.106513103,8.102643534
488,8.09873857,8.102643534
489,8.106497273,8.102643534
490,8.098754504,8.102643534
491,8.106481572,8.102643534
492,8.098770309,8.102643534
493,8.106465998,8.102643534
494,8.098785986,8.102643534
495,8.106450549,8.102643534
496,8.098801537,8.102643534
497,8.106435226,8.102643534
498,8.098816963,8.102643534
499,8.106420025,8.102643534
500,8.098832265,8.102643534
501,8.106404945,8.102643534
502,8.098847446,8.102643534
503,8.106389986,8.102643534
504,8.098862506,8.102643534
505,8.106375145,8.102643534
506,8.098877447,8.102643534
507,8.106360421,8.102643534
508,8.09889227,8.102643534
509,8.106345813,8.102643534
510,8.098906977,8.102643534
511,8.106331319,8.102643534
512,8.09892157,8.102643534
513,8.106316938,8.102643534
514,8.098936049,8.102643534
515,8.106302669,8.102643534
516,8.098950415,8.102643534
517,8.10628851,8.102643534
518,8.098964671,8.102643534
519,8.106274461,8.102643534
520,8.098978817,8.102643534
521,8.106260519,8.102643534
522,8.098992855,8.102643534
523,8.106246684,8.102643534
524,8.099006785,8.102643534
525,8.106232955,8.102643534
526,8.09902061,8.102643534
527,8.10621933,8.102643534
528,8.09903433,8.102643534
529,8.106205807,8.102643534
530,8.099047946,8.102643534
531,8.106192387,8.102643534
532,8.09906146,8.102643534
533,8.106179067,8.102643534
534,8.099074873,8.102643534
535,8.106165847,8.102643534
536,8.099088186,8.102643534
537,8.106152726,8.102643534
538,8.0991014,8.102643534
539,8.106139702,8.102643534
540,8.099114516,8.102643534
541,8.106126774,8.102643534
542,8.099127535,8.102643534
543,8.106113942,8.102643534
544,8.099140458,8.102643534
545,8.106101203,8.102643534
546,8.099153287,8.102643534
547,8.106088558,8.102643534
548,8.099166022,8.102643534
549,8.106076005,8.102643534
550,8.099178665,8.102643534
551,8.106063543,8.102643534
552,8.099191216,8.102643534
553,8.106051172,8.102643534
554,8.099203676,8.102643534
555,8.106038889,8.102643534
556,8.099216047,8.102643534
557,8.106026695,8.102643534
558,8.099228329,8.102643534
559,8.106014588,8.102643534
560,8.099240524,8.102643534
561,8.106002567,8.102643534
562,8.099252631,8.102643534
563,8.105990632,8.102643534
564,8.099264653,8.102643534
565,8.105978781,8.102643534
566,8.09927659,8.102643534
567,8.105967014,8.102643534
568,8.099288443,8.102643534
569,8.10595533,8.102643534
570,8.099300213,8.102643534
571,8.105943727,8.102643534
572,8.0993119,8.102643534
573,8.105932206,8.102643534
574,8.099323506,8.102643534
575,8.105920765,8.102643534
576,8.099335031,8.102643534
577,8.105909403,8.102643534
578,8.099346477,8.102643534
579,8.105898119,8.102643534
580,8.099357844,8.102643534
581,8.105886913,8.102643534
582,8.099369132,8.102643534
583,8.105875784,8.102643534
584,8.099380343,8.102643534
585,8.105864732,8.102643534
586,8.099391478,8.102643534
587,8.105853754,8.102643534
588,8.099402537,8.102643534
589,8.105842851,8.102643534
590,8.099413521,8.102643534
591,8.105832022,8.102643534
592,8.099424431,8.102643534
593,8.105821266,8.102643534
594,8.099435268,8.102643534
595,8.105810583,8.102643534
596,8.099446031,8.102643534
597,8.105799971,8.102643534
598,8.099456723,8.102643534
599,8.10578943,8.102643534
600,8.099467344,8.102643534
601,8.105778959,8.102643534
602,8.099477894,8.102643534
603,8.105768557,8.102643534
604,8.099488374,8.102643534
605,8.105758224,8.102643534
606,8.099498785,8.102643534
607,8.10574796,8.102643534
608,8.099509127,8.102643534
609,8.105737762,8.102643534
610,8.099519402,8.102643534
611,8.105727632,8.102643534
612,8.099529609,8.102643534
613,8.105717568,8.102643534
614,8.09953975,8.102643534
615,8.105707569,8.102643534
616,8.099549825,8.102643534
617,8.105697635,8.102643534
618,8.099559835,8.102643534
619,8.105687765,8.102643534
620,8.099569781,8.102643534
621,8.105677959,8.102643534
622,8.099579662,8.102643534
623,8.105668215,8.102643534
624,8.09958948,8.102643534
625,8.105658535,8.102643534
626,8.099599236,8.102643534
627,8.105648915,8.102643534
628,8.099608929,8.102643534
629,8.105639357,8.102643534
630,8.099618561,8.102643534
631,8.10562986,8.102643534
632,8.099628132,8.102643534
633,8.105620423,8.102643534
634,8.099637642,8.102643534
635,8.105611045,8.102643534
636,8.099647093,8.102643534
637,8.105601726,8.102643534
638,8.099656484,8.102643534
639,8.105592465,8.102643534
640,8.099665817,8.102643534
641,8.105583263,8.102643534
642,8.099675091,8.102643534
643,8.105574117,8.102643534
644,8.099684308,8.102643534
645,8.105565028,8.102643534
646,8.099693468,8.102643534
647,8.105555996,8.102643534
648,8.099702572,8.102643534
649,8.105547019,8.102643534
650,8.099711619,8.102643534
651,8.105538097,8.102643534
652,8.099720611,8.102643534
653,8.10552923,8.102643534
654,8.099729548,8.102643534
655,8.105520417,8.102643534
656,8.09973843,8.102643534
657,8.105511658,8.102643534
658,8.099747258,8.102643534
659,8.105502952,8.102643534
660,8.099756033,8.102643534
661,8.105494298,8.102643534
662,8.099764755,8.102643534
663,8.105485697,8.102643534
664,8.099773425,8.102643534
665,8.105477148,8.102643534
666,8.099782042,8.102643534
667,8.105468649,8.102643534
668,8.099790608,8.102643534
669,8.105460202,8.102643534
670,8.099799122,8.102643534
671,8.105451805,8.102643534
672,8.099807586,8.102643534
673,8.105443458,8.102643534
674,8.099816,8.102643534
675,8.10543516,8.102643534
676,8.099824364,8.102643534
677,8.105426912,8.102643534
678,8.099832679,8.102643534
679,8.105418712,8.102643534
680,8.099840944,8.102643534
681,8.10541056,8.102643534
682,8.099849161,8.102643534
683,8.105402456,8.102643534
684,8.099857331,8.102643534
685,8.1053944,8.102643534
686,8.099865452,8.102643534
687,8.10538639,8.102643534
688,8.099873527,8.102643534
689,8.105378426,8.102643534
690,8.099881554,8.102643534
691,8.105370509,8.102643534
692,8.099889535,8.102643534
693,8.105362638,8.102643534
694,8.09989747,8.102643534
695,8.105354812,8.102643534
696,8.09990536,8.102643534
697,8.10534703,8.102643534
698,8.099913204,8.102643534
699,8.105339294,8.102643534
700,8.099921004,8.102643534
701,8.105331601,8.102643534
702,8.099928759,8.102643534
703,8.105323952,8.102643534
704,8.09993647,8.102643534
705,8.105316347,8.102643534
706,8.099944137,8.102643534
707,8.105308785,8.102643534
708,8.099951761,8.102643534
709,8.105301265,8.102643534
710,8.099959343,8.102643534
711,8.105293788,8.102643534
712,8.099966881,8.102643534
713,8.105286352,8.102643534
714,8.099974377,8.102643534
715,8.105278959,8.102643534
716,8.099981832,8.102643534
717,8.105271606,8.102643534
718,8.099989245,8.102643534
719,8.105264295,8.102643534
720,8.099996617,8.102643534
721,8.105257024,8.102643534
722,8.100003947,8.102643534
723,8.105249793,8.102643534
724,8.100011238,8.102643534
725,8.105242602,8.102643534
726,8.100018488,8.102643534
727,8.105235451,8.102643534
728,8.100025699,8.102643534
729,8.105228338,8.102643534
730,8.100032869,8.102643534
731,8.105221265,8.102643534
732,8.100040001,8.102643534
733,8.105214231,8.102643534
734,8.100047094,8.102643534
735,8.105207234,8.102643534
736,8.100054148,8.102643534
737,8.105200276,8.102643534
738,8.100061165,8.102643534
739,8.105193356,8.102643534
740,8.100068143,8.102643534
741,8.105186472,8.102643534
742,8.100075083,8.102643534
743,8.105179626,8.102643534
744,8.100081987,8.102643534
745,8.105172817,8.102643534
746,8.100088853,8.102643534
747,8.105166044,8.102643534
748,8.100095682,8.102643534
749,8.105159307,8.102643534
750,8.100102476,8.102643534
751,8.105152606,8.102643534
752,8.100109233,8.102643534
753,8.105145941,8.102643534
754,8.100115954,8.102643534
755,8.105139311,8.102643534
756,8.100122639,8.102643534
757,8.105132716,8.102643534
758,8.10012929,8.102643534
759,8.105126156,8.102643534
760,8.100135905,8.102643534
761,8.10511963,8.102643534
762,8.100142486,8.102643534
763,8.105113139,8.102643534
764,8.100149032,8.102643534
765,8.105106681,8.102643534
766,8.100155544,8.102643534
767,8.105100257,8.102643534
768,8.100162022,8.102643534
769,8.105093867,8.102643534
770,8.100168466,8.102643534
771,8.10508751,8.102643534
772,8.100174877,8.102643534
773,8.105081185,8.102643534
774,8.100181255,8.102643534
775,8.105074893,8.102643534
776,8.1001876,8.102643534
777,8.105068634,8.102643534
778,8.100193913,8.102643534
779,8.105062407,8.102643534
780,8.100200193,8.102643534
781,8.105056212,8.102643534
782,8.100206441,8.102643534
783,8.105050048,8.102643534
784,8.100212657,8.102643534
785,8.105043916,8.102643534
786,8.100218841,8.102643534
787,8.105037815,8.102643534
788,8.100224994,8.102643534
789,8.105031745,8.102643534
790,8.100231116,8.102643534
791,8.105025705,8.102643534
792,8.100237207,8.102643534
793,8.105019696,8.102643534
794,8.100243268,8.102643534
795,8.105013718,8.102643534
796,8.100249298,8.102643534
797,8.105007769,8.102643534
798,8.100255297,8.102643534
799,8.10500185,8.102643534
800,8.100261267,8.102643534
801,8.104995961,8.102643534
802,8.100267207,8.102643534
803,8.104990101,8.102643534
804,8.100273117,8.102643534
805,8.10498427,8.102643534
806,8.100278998,8.102643534
807,8.104978468,8.102643534
808,8.10028485,8.102643534
809,8.104972695,8.102643534
810,8.100290673,8.102643534
811,8.10496695,8.102643534
812,8.100296467,8.102643534
813,8.104961233,8.102643534
814,8.100302233,8.102643534
815,8.104955545,8.102643534
816,8.100307971,8.102643534
817,8.104949884,8.102643534
818,8.10031368,8.102643534
819,8.104944251,8.102643534
820,8.100319362,8.102643534
821,8.104938646,8.102643534
822,8.100325016,8.102643534
823,8.104933068,8.102643534
824,8.100330643,8.102643534
825,8.104927516,8.102643534
826,8.100336242,8.102643534
827,8.104921992,8.102643534
828,8.100341814,8.102643534
829,8.104916494,8.102643534
830,8.10034736,8.102643534
831,8.104911023,8.102643534
832,8.100352879,8.102643534
833,8.104905578,8.102643534
834,8.100358371,8.102643534
835,8.104900159,8.102643534
836,8.100363837,8.102643534
837,8.104894766,8.102643534
838,8.100369277,8.102643534
839,8.104889399,8.102643534
840,8.100374691,8.102643534
841,8.104884057,8.102643534
842,8.10038008,8.102643534
843,8.104878741,8.102643534
844,8.100385442,8.102643534
845,8.10487345,8.102643534
846,8.10039078,8.102643534
847,8.104868184,8.102643534
848,8.100396092,8.102643534
849,8.104862942,8.102643534
850,8.10040138,8.102643534
851,8.104857725,8.102643534
852,8.100406642,8.102643534
853,8.104852533,8.102643534
854,8.10041188,8.102643534
855,8.104847365,8.102643534
856,8.100417093,8.102643534
857,8.104842221,8.102643534
858,8.100422282,8.102643534
859,8.104837101,8.102643534
860,8.100427447,8.102643534
861,8.104832005,8.102643534
862,8.100432588,8.102643534
863,8.104826933,8.102643534
864,8.100437706,8.102643534
865,8.104821884,8.102643534
866,8.100442799,8.102643534
867,8.104816858,8.102643534
868,8.100447869,8.102643534
869,8.104811855,8.102643534
870,8.100452916,8.102643534
871,8.104806876,8.102643534
872,8.10045794,8.102643534
873,8.104801919,8.102643534
874,8.10046294,8.102643534
875,8.104796985,8.102643534
876,8.100467918,8.102643534
877,8.104792073,8.102643534
878,8.100472873,8.102643534
879,8.104787184,8.102643534
880,8.100477806,8.102643534
881,8.104782317,8.102643534
882,8.100482716,8.102643534
883,8.104777472,8.102643534
884,8.100487604,8.102643534
885,8.104772649,8.102643534
886,8.10049247,8.102643534
887,8.104767847,8.102643534
888,8.100497314,8.102643534
889,8.104763067,8.102643534
890,8.100502136,8.102643534
891,8.104758309,8.102643534
892,8.100506937,8.102643534
893,8.104753572,8.102643534
894,8.100511716,8.102643534
895,8.104748856,8.102643534
896,8.100516474,8.102643534
897,8.104744162,8.102643534
898,8.100521211,8.102643534
899,8.104739488,8.102643534
900,8.100525926,8.102643534
901,8.104734835,8.102643534
902,8.100530621,8.102643534
903,8.104730202,8.102643534
904,8.100535295,8.102643534
905,8.10472559,8.102643534
906,8.100539948,8.102643534
907,8.104720998,8.102643534
908,8.100544581,8.102643534
909,8.104716427,8.102643534
910,8.100549194,8.102643534
911,8.104711875,8.102643534
912,8.100553786,8.102643534
913,8.104707344,8.102643534
914,8.100558358,8.102643534
915,8.104702832,8.102643534
916,8.10056291,8.102643534
917,8.10469834,8.102643534
918,8.100567442,8.102643534
919,8.104693868,8.102643534
920,8.100571955,8.102643534
921,8.104689415,8.102643534
922,8.100576448,8.102643534
923,8.104684981,8.102643534
924,8.100580922,8.102643534
925,8.104680567,8.102643534
926,8.100585376,8.102643534
927,8.104676171,8.102643534
928,8.100589811,8.102643534
929,8.104671795,8.102643534
930,8.100594227,8.102643534
931,8.104667437,8.102643534
932,8.100598624,8.102643534
933,8.104663098,8.102643534
934,8.100603002,8.102643534
935,8.104658777,8.102643534
936,8.100607362,8.102643534
937,8.104654475,8.102643534
938,8.100611703,8.102643534
939,8.104650191,8.102643534
940,8.100616025,8.102643534
941,8.104645926,8.102643534
942,8.100620329,8.102643534
943,8.104641679,8.102643534
944,8.100624615,8.102643534
945,8.104637449,8.102643534
946,8.100628883,8.102643534
947,8.104633238,8.102643534
948,8.100633133,8.102643534
949,8.104629044,8.102643534
950,8.100637365,8.102643534
951,8.104624868,8.102643534
952,8.100641579,8.102643534
953,8.104620709,8.102643534
954,8.100645775,8.102643534
955,8.104616568,8.102643534
956,8.100649954,8.102643534
957,8.104612444,8.102643534
958,8.100654116,8.102643534
959,8.104608337,8.102643534
960,8.10065826,8.102643534
961,8.104604248,8.102643534
962,8.100662386,8.102643534
963,8.104600175,8.102643534
964,8.100666496,8.102643534
965,8.104596119,8.102643534
966,8.100670589,8.102643534
967,8.10459208,8.102643534
968,8.100674665,8.102643534
969,8.104588058,8.102643534
970,8.100678724,8.102643534
971,8.104584052,8.102643534
972,8.100682766,8.102643534
973,8.104580063,8.102643534
974,8.100686792,8.102643534
975,8.10457609,8.102643534
976,8.100690801,8.102643534
977,8.104572134,8.102643534
978,8.100694794,8.102643534
979,8.104568193,8.102643534
980,8.10069877,8.102643534
981,8.104564269,8.102643534
982,8.100702731,8.102643534
983,8.10456036,8.102643534
984,8.100706675,8.102643534
985,8.104556468,8.102643534
986,8.100710603,8.102643534
987,8.104552591,8.102643534
988,8.100714515,8.102643534
989,8.10454873,8.102643534
990,8.100718412,8.102643534
991,8.104544885,8.102643534
992,8.100722293,8.102643534
993,8.104541055,8.102643534
994,8.100726158,8.102643534
995,8.10453724,8.102643534
996,8.100730007,8.102643534
997,8.104533441,8.102643534
998,8.100733842,8.102643534
999,8.104529657,8.102643534
1000,8.100737661,8.102643534
1001,8.104525888,8.102643534
1002,8.100741464,8.102643534
1003,8.104522134,8.102643534
1004,8.100745253,8.102643534
1005,8.104518395,8.102643534
1006,8.100749026,8.102643534
1007,8.104514671,8.102643534
1008,8.100752785,8.102643534
1009,8.104510961,8.102643534
1010,8.100756528,8.102643534
1011,8.104507267,8.102643534
1012,8.100760257,8.102643534
1013,8.104503587,8.102643534
1014,8.100763971,8.102643534
1015,8.104499921,8.102643534
1016,8.100767671,8.102643534
1017,8.10449627,8.102643534
1018,8.100771356,8.102643534
1019,8.104492633,8.102643534
1020,8.100775026,8.102643534
1021,8.104489011,8.102643534
1022,8.100778682,8.102643534
1023,8.104485402,8.102643534
1024,8.100782324,8.102643534
1025,8.104481808,8.102643534
1026,8.100785952,8.102643534
1027,8.104478227,8.102643534
1028,8.100789565,8.102643534
1029,8.104474661,8.102643534
1030,8.100793165,8.102643534
1031,8.104471109,8.102643534
1032,8.10079675,8.102643534
1033,8.10446757,8.102643534
1034,8.100800322,8.102643534
1035,8.104464045,8.102643534
1036,8.10080388,8.102643534
1037,8.104460533,8.102643534
1038,8.100807424,8.102643534
1039,8.104457035,8.102643534
1040,8.100810955,8.102643534
1041,8.104453551,8.102643534
1042,8.100814472,8.102643534
1043,8.104450079,8.102643534
1044,8.100817975,8.102643534
1045,8.104446621,8.102643534
1046,8.100821465,8.102643534
1047,8.104443177,8.102643534
1048,8.100824942,8.102643534
1049,8.104439745,8.102643534
1050,8.100828406,8.102643534
1051,8.104436327,8.102643534
1052,8.100831856,8.102643534
1053,8.104432921,8.102643534
1054,8.100835293,8.102643534
1055,8.104429529,8.102643534
1056,8.100838718,8.102643534
1057,8.104426149,8.102643534
1058,8.100842129,8.102643534
1059,8.104422782,8.102643534
1060,8.100845528,8.102643534
1061,8.104419427,8.102643534
1062,8.100848913,8.102643534
1063,8.104416086,8.102643534
1064,8.100852286,8.102643534
1065,8.104412757,8.102643534
1066,8.100855646,8.102643534
1067,8.10440944,8.102643534
1068,8.100858994,8.102643534
1069,8.104406136,8.102643534
1070,8.100862329,8.102643534
1071,8.104402844,8.102643534
1072,8.100865652,8.102643534
1073,8.104399564,8.102643534
1074,8.100868963,8.102643534
1075,8.104396297,8.102643534
1076,8.100872261,8.102643534
1077,8.104393042,8.102643534
1078,8.100875546,8.102643534
1079,8.104389798,8.102643534
1080,8.10087882,8.102643534
1081,8.104386567,8.102643534
1082,8.100882082,8.102643534
1083,8.104383348,8.102643534
1084,8.100885331,8.102643534
1085,8.104380141,8.102643534
1086,8.100888569,8.102643534
1087,8.104376945,8.102643534
1088,8.100891794,8.102643534
1089,8.104373761,8.102643534
1090,8.100895008,8.102643534
1091,8.104370589,8.102643534
1092,8.10089821,8.102643534
1093,8.104367428,8.102643534
1094,8.100901401,8.102643534
1095,8.104364279,8.102643534
1096,8.100904579,8.102643534
1097,8.104361142,8.102643534
1098,8.100907747,8.102643534
1099,8.104358016,8.102643534
1100,8.100910902,8.102643534
1101,8.104354901,8.102643534
1102,8.100914046,8.102643534
1103,8.104351798,8.102643534
1104,8.100917179,8.102643534
1105,8.104348705,8.102643534
1106,8.100920301,8.102643534
1107,8.104345624,8.102643534
1108,8.100923411,8.102643534
1109,8.104342554,8.102643534
1110,8.10092651,8.102643534
1111,8.104339495,8.102643534
1112,8.100929598,8.102643534
1113,8.104336448,8.102643534
1114,8.100932674,8.102643534
1115,8.104333411,8.102643534
1116,8.10093574,8.102643534
1117,8.104330385,8.102643534
1118,8.100938795,8.102643534
1119,8.104327369,8.102643534
1120,8.100941839,8.102643534
1121,8.104324365,8.102643534
1122,8.100944872,8.102643534
1123,8.104321371,8.102643534
1124,8.100947894,8.102643534
1125,8.104318388,8.102643534
1126,8.100950905,8.102643534
1127,8.104315415,8.102643534
1128,8.100953906,8.102643534
1129,8.104312453,8.102643534
1130,8.100956896,8.102643534
1131,8.104309502,8.102643534
1132,8.100959876,8.102643534
1133,8.104306561,8.102643534
1134,8.100962845,8.102643534
1135,8.10430363,8.102643534
1136,8.100965803,8.102643534
1137,8.104300709,8.102643534
1138,8.100968752,8.102643534
1139,8.104297799,8.102643534
1140,8.10097169,8.102643534
1141,8.104294899,8.102643534
1142,8.100974617,8.102643534
1143,8.104292009,8.102643534
1144,8.100977535,8.102643534
1145,8.10428913,8.102643534
1146,8.100980442,8.102643534
1147,8.10428626,8.102643534
1148,8.100983339,8.102643534
1149,8.1042834,8.102643534
1150,8.100986226,8.102643534
1151,8.10428055,8.102643534
1152,8.100989103,8.102643534
1153,8.104277711,8.102643534
1154,8.10099197,8.102643534
1155,8.104274881,8.102643534
1156,8.100994827,8.102643534
1157,8.10427206,8.102643534
1158,8.100997674,8.102643534
1159,8.10426925,8.102643534
1160,8.101000511,8.102643534
1161,8.104266449,8.102643534
1162,8.101003339,8.102643534
1163,8.104263658,8.102643534
1164,8.101006157,8.102643534
1165,8.104260876,8.102643534
1166,8.101008965,8.102643534
1167,8.104258104,8.102643534
1168,8.101011764,8.102643534
1169,8.104255341,8.102643534
1170,8.101014553,8.102643534
1171,8.104252588,8.102643534
1172,8.101017332,8.102643534
1173,8.104249844,8.102643534
1174,8.101020102,8.102643534
1175,8.10424711,8.102643534
1176,8.101022863,8.102643534
1177,8.104244385,8.102643534
1178,8.101025614,8.102643534
1179,8.104241669,8.102643534
1180,8.101028356,8.102643534
1181,8.104238962,8.102643534
1182,8.101031089,8.102643534
1183,8.104236265,8.102643534
1184,8.101033812,8.102643534
1185,8.104233576,8.102643534
1186,8.101036527,8.102643534
1187,8.104230897,8.102643534
1188,8.101039232,8.102643534
1189,8.104228227,8.102643534
1190,8.101041928,8.102643534
1191,8.104225565,8.102643534
1192,8.101044615,8.102643534
1193,8.104222913,8.102643534
1194,8.101047293,8.102643534
1195,8.104220269,8.102643534
1196,8.101049962,8.102643534
1197,8.104217634,8.102643534
1198,8.101052622,8.102643534
1199,8.104215008,8.102643534
1200,8.101055273,8.102643534
1201,8.104212391,8.102643534
1202,8.101057916,8.102643534
1203,8.104209783,8.102643534
1204,8.101060549,8.102643534
1205,8.104207183,8.102643534
1206,8.101063174,8.102643534
1207,8.104204592,8.102643534
1208,8.10106579,8.102643534
1209,8.104202009,8.102643534
1210,8.101068398,8.102643534
1211,8.104199435,8.102643534
1212,8.101070997,8.102643534
1213,8.104196869,8.102643534
1214,8.101073587,8.102643534
1215,8.104194312,8.102643534
1216,8.101076169,8.102643534
1217,8.104191763,8.102643534
1218,8.101078743,8.102643534
1219,8.104189223,8.102643534
1220,8.101081308,8.102643534
1221,8.104186691,8.102643534
1222,8.101083864,8.102643534
1223,8.104184167,8.102643534
1224,8.101086412,8.102643534
1225,8.104181651,8.102643534
1226,8.101088952,8.102643534
1227,8.104179144,8.102643534
1228,8.101091484,8.102643534
1229,8.104176645,8.102643534
1230,8.101094007,8.102643534
1231,8.104174154,8.102643534
1232,8.101096522,8.102643534
1233,8.104171671,8.102643534
1234,8.10109903,8.102643534
1235,8.104169196,8.102643534
1236,8.101101528,8.102643534
1237,8.104166729,8.102643534
1238,8.101104019,8.102643534
1239,8.10416427,8.102643534
1240,8.101106502,8.102643534
1241,8.104161819,8.102643534
1242,8.101108977,8.102643534
1243,8.104159376,8.102643534
1244,8.101111444,8.102643534
1245,8.10415694,8.102643534
1246,8.101113903,8.102643534
1247,8.104154513,8.102643534
1248,8.101116354,8.102643534
1249,8.104152093,8.102643534
1250,8.101118797,8.102643534
1251,8.104149681,8.102643534
1252,8.101121233,8.102643534
1253,8.104147277,8.102643534
1254,8.10112366,8.102643534
1255,8.10414488,8.102643534
1256,8.10112608,8.102643534
1257,8.104142491,8.102643534
1258,8.101128492,8.102643534
1259,8.10414011,8.102643534
1260,8.101130897,8.102643534
1261,8.104137736,8.102643534
1262,8.101133294,8.102643534
1263,8.104135369,8.102643534
1264,8.101135683,8.102643534
1265,8.104133011,8.102643534
1266,8.101138065,8.102643534
1267,8.104130659,8.102643534
1268,8.10114044,8.102643534
1269,8.104128315,8.102643534
1270,8.101142806,8.102643534
1271,8.104125978,8.102643534
1272,8.101145166,8.102643534
1273,8.104123649,8.102643534
1274,8.101147518,8.102643534
1275,8.104121327,8.102643534
1276,8.101149862,8.102643534
1277,8.104119013,8.102643534
1278,8.1011522,8.102643534
1279,8.104116705,8.102643534
1280,8.10115453,8.102643534
1281,8.104114405,8.102643534
1282,8.101156852,8.102643534
1283,8.104112112,8.102643534
1284,8.101159168,8.102643534
1285,8.104109826,8.102643534
1286,8.101161476,8.102643534
1287,8.104107547,8.102643534
1288,8.101163777,8.102643534
1289,8.104105275,8.102643534
1290,8.101166071,8.102643534
1291,8.10410301,8.102643534
1292,8.101168358,8.102643534
1293,8.104100753,8.102643534
1294,8.101170638,8.102643534
1295,8.104098502,8.102643534
1296,8.101172911,8.102643534
1297,8.104096258,8.102643534
1298,8.101175176,8.102643534
1299,8.104094021,8.102643534
1300,8.101177435,8.102643534
1301,8.104091791,8.102643534
1302,8.101179687,8.102643534
1303,8.104089568,8.102643534
1304,8.101181932,8.102643534
1305,8.104087352,8.102643534
1306,8.10118417,8.102643534
1307,8.104085142,8.102643534
1308,8.101186401,8.102643534
1309,8.104082939,8.102643534
1310,8.101188626,8.102643534
1311,8.104080743,8.102643534
1312,8.101190843,8.102643534
1313,8.104078554,8.102643534
1314,8.101193054,8.102643534
1315,8.104076371,8.102643534
1316,8.101195259,8.102643534
1317,8.104074195,8.102643534
1318,8.101197456,8.102643534
1319,8.104072025,8.102643534
1320,8.101199647,8.102643534
1321,8.104069863,8.102643534
1322,8.101201831,8.102643534
1323,8.104067706,8.102643534
1324,8.101204009,8.102643534
1325,8.104065556,8.102643534
1326,8.10120618,8.102643534
1327,8.104063413,8.102643534
1328,8.101208344,8.102643534
1329,8.104061276,8.102643534
1330,8.101210502,8.102643534
1331,8.104059145,8.102643534
1332,8.101212654,8.102643534
1333,8.104057021,8.102643534
1334,8.101214799,8.102643534
1335,8.104054903,8.102643534
1336,8.101216937,8.102643534
1337,8.104052792,8.102643534
1338,8.101219069,8.102643534
1339,8.104050687,8.102643534
1340,8.101221195,8.102643534
1341,8.104048588,8.102643534
1342,8.101223315,8.102643534
1343,8.104046495,8.102643534
1344,8.101225428,8.102643534
1345,8.104044409,8.102643534
1346,8.101227535,8.102643534
1347,8.104042329,8.102643534
1348,8.101229636,8.102643534
1349,8.104040255,8.102643534
1350,8.10123173,8.102643534
1351,8.104038187,8.102643534
1352,8.101233818,8.102643534
1353,8.104036125,8.102643534
1354,8.101235901,8.102643534
1355,8.10403407,8.102643534
1356,8.101237977,8.102643534
1357,8.10403202,8.102643534
1358,8.101240046,8.102643534
1359,8.104029976,8.102643534
1360,8.10124211,8.102643534
1361,8.104027939,8.102643534
1362,8.101244168,8.102643534
1363,8.104025907,8.102643534
1364,8.10124622,8.102643534
1365,8.104023882,8.102643534
1366,8.101248265,8.102643534
1367,8.104021862,8.102643534
1368,8.101250305,8.102643534
1369,8.104019848,8.102643534
1370,8.101252339,8.102643534
1371,8.10401784,8.102643534
1372,8.101254366,8.102643534
1373,8.104015838,8.102643534
1374,8.101256388,8.102643534
1375,8.104013842,8.102643534
1376,8.101258404,8.102643534
1377,8.104011851,8.102643534
1378,8.101260414,8.102643534
1379,8.104009867,8.102643534
1380,8.101262419,8.102643534
1381,8.104007888,8.102643534
1382,8.101264417,8.102643534
1383,8.104005914,8.102643534
1384,8.10126641,8.102643534
1385,8.104003947,8.102643534
1386,8.101268397,8.102643534
1387,8.104001985,8.102643534
1388,8.101270378,8.102643534
1389,8.104000029,8.102643534
1390,8.101272354,8.102643534
1391,8.103998078,8.102643534
1392,8.101274324,8.102643534
1393,8.103996133,8.102643534
1394,8.101276288,8.102643534
1395,8.103994194,8.102643534
1396,8.101278247,8.102643534
1397,8.10399226,8.102643534
1398,8.1012802,8.102643534
1399,8.103990332,8.102643534
1400,8.101282147,8.102643534
1401,8.103988409,8.102643534
1402,8.101284089,8.102643534
1403,8.103986492,8.102643534
1404,8.101286026,8.102643534
1405,8.10398458,8.102643534
1406,8.101287956,8.102643534
1407,8.103982674,8.102643534
1408,8.101289882,8.102643534
1409,8.103980773,8.102643534
1410,8.101291802,8.102643534
1411,8.103978877,8.102643534
1412,8.101293716,8.102643534
1413,8.103976987,8.102643534
1414,8.101295625,8.102643534
1415,8.103975102,8.102643534
1416,8.101297529,8.102643534
1417,8.103973222,8.102643534
1418,8.101299427,8.102643534
1419,8.103971348,8.102643534
1420,8.10130132,8.102643534
1421,8.103969479,8.102643534
1422,8.101303208,8.102643534
1423,8.103967615,8.102643534
1424,8.10130509,8.102643534
1425,8.103965757,8.102643534
1426,8.101306967,8.102643534
1427,8.103963903,8.102643534
1428,8.101308839,8.102643534
1429,8.103962055,8.102643534
1430,8.101310705,8.102643534
1431,8.103960212,8.102643534
1432,8.101312567,8.102643534
1433,8.103958374,8.102643534
1434,8.101314423,8.102643534
1435,8.103956542,8.102643534
1436,8.101316274,8.102643534
1437,8.103954714,8.102643534
1438,8.10131812,8.102643534
1439,8.103952892,8.102643534
1440,8.10131996,8.102643534
1441,8.103951074,8.102643534
1442,8.101321796,8.102643534
1443,8.103949262,8.102643534
1444,8.101323626,8.102643534
1445,8.103947454,8.102643534
1446,8.101325452,8.102643534
1447,8.103945652,8.102643534
1448,8.101327272,8.102643534
1449,8.103943855,8.102643534
1450,8.101329088,8.102643534
1451,8.103942062,8.102643534
1452,8.101330898,8.102643534
1453,8.103940275,8.102643534
1454,8.101332703,8.102643534
1455,8.103938492,8.102643534
1456,8.101334504,8.102643534
1457,8.103936714,8.102643534
1458,8.101336299,8.102643534
1459,8.103934941,8.102643534
1460,8.10133809,8.102643534
1461,8.103933173,8.102643534
1462,8.101339876,8.102643534
1463,8.10393141,8.102643534
1464,8.101341656,8.102643534
1465,8.103929652,8.102643534
1466,8.101343432,8.102643534
1467,8.103927898,8.102643534
1468,8.101345203,8.102643534
1469,8.10392615,8.102643534
1470,8.10134697,8.102643534
1471,8.103924406,8.102643534
1472,8.101348731,8.102643534
1473,8.103922666,8.102643534
1474,8.101350488,8.102643534
1475,8.103920932,8.102643534
1476,8.10135224,8.102643534
1477,8.103919202,8.102643534
1478,8.101353987,8.102643534
1479,8.103917477,8.102643534
1480,8.10135573,8.102643534
1481,8.103915756,8.102643534
1482,8.101357467,8.102643534
1483,8.10391404,8.102643534
1484,8.1013592,8.102643534
1485,8.103912329,8.102643534
1486,8.101360929,8.102643534
1487,8.103910622,8.102643534
1488,8.101362653,8.102643534
1489,8.10390892,8.102643534
1490,8.101364372,8.102643534
1491,8.103907223,8.102643534
1492,8.101366086,8.102643534
1493,8.10390553,8.102643534
1494,8.101367796,8.102643534
1495,8.103903841,8.102643534
1496,8.101369502,8.102643534
1497,8.103902158,8.102643534
1498,8.101371203,8.102643534
1499,8.103900478,8.102643534
1500,8.101372899,8.102643534
1501,8.103898803,8.102643534
1502,8.101374591,8.102643534
1503,8.103897133,8.102643534
1504,8.101376278,8.102643534
1505,8.103895467,8.102643534
1506,8.101377961,8.102643534
1507,8.103893805,8.102643534
1508,8.101379639,8.102643534
1509,8.103892148,8.102643534
1510,8.101381313,8.102643534
1511,8.103890495,8.102643534
1512,8.101382982,8.102643534
1513,8.103888846,8.102643534
1514,8.101384647,8.102643534
1515,8.103887202,8.102643534
1516,8.101386308,8.102643534
1517,8.103885563,8.102643534
1518,8.101387964,8.102643534
1519,8.103883927,8.102643534
1520,8.101389616,8.102643534
1521,8.103882296,8.102643534
1522,8.101391264,8.102643534
1523,8.103880669,8.102643534
1524,8.101392907,8.102643534
1525,8.103879047,8.102643534
1526,8.101394546,8.102643534
1527,8.103877428,8.102643534
1528,8.101396181,8.102643534
1529,8.103875814,8.102643534
1530,8.101397811,8.102643534
1531,8.103874204,8.102643534
1532,8.101399437,8.102643534
1533,8.103872598,8.102643534
1534,8.101401059,8.102643534
1535,8.103870997,8.102643534
1536,8.101402677,8.102643534
1537,8.1038694,8.102643534
1538,8.10140429,8.102643534
1539,8.103867806,8.102643534
1540,8.1014059,8.102643534
1541,8.103866217,8.102643534
1542,8.101407505,8.102643534
1543,8.103864632,8.102643534
1544,8.101409106,8.102643534
1545,8.103863052,8.102643534
1546,8.101410703,8.102643534
1547,8.103861475,8.102643534
1548,8.101412295,8.102643534
1549,8.103859902,8.102643534
1550,8.101413884,8.102643534
1551,8.103858334,8.102643534
1552,8.101415468,8.102643534
1553,8.103856769,8.102643534
1554,8.101417049,8.102643534
1555,8.103855208,8.102643534
1556,8.101418625,8.102643534
1557,8.103853652,8.102643534
1558,8.101420197,8.102643534
1559,8.103852099,8.102643534
1560,8.101421766,8.102643534
1561,8.103850551,8.102643534
1562,8.10142333,8.102643534
1563,8.103849006,8.102643534
1564,8.10142489,8.102643534
1565,8.103847465,8.102643534
1566,8.101426446,8.102643534
1567,8.103845929,8.102643534
1568,8.101427999,8.102643534
1569,8.103844396,8.102643534
1570,8.101429547,8.102643534
1571,8.103842867,8.102643534
1572,8.101431091,8.102643534
1573,8.103841342,8.102643534
1574,8.101432632,8.102643534
1575,8.103839821,8.102643534
1576,8.101434168,8.102643534
1577,8.103838304,8.102643534
1578,8.101435701,8.102643534
1579,8.10383679,8.102643534
1580,8.10143723,8.102643534
1581,8.10383528,8.102643534
1582,8.101438755,8.102643534
1583,8.103833775,8.102643534
1584,8.101440276,8.102643534
1585,8.103832273,8.102643534
1586,8.101441793,8.102643534
1587,8.103830774,8.102643534
1588,8.101443306,8.102643534
1589,8.10382928,8.102643534
1590,8.101444816,8.102643534
1591,8.103827789,8.102643534
1592,8.101446322,8.102643534
1593,8.103826302,8.102643534
1594,8.101447824,8.102643534
1595,8.103824819,8.102643534
1596,8.101449322,8.102643534
1597,8.10382334,8.102643534
1598,8.101450817,8.102643534
1599,8.103821864,8.102643534
1600,8.101452307,8.102643534
1601,8.103820392,8.102643534
1602,8.101453794,8.102643534
1603,8.103818923,8.102643534
1604,8.101455278,8.102643534
1605,8.103817459,8.102643534
1606,8.101456757,8.102643534
1607,8.103815997,8.102643534
1608,8.101458233,8.102643534
1609,8.10381454,8.102643534
1610,8.101459706,8.102643534
1611,8.103813086,8.102643534
1612,8.101461174,8.102643534
1613,8.103811636,8.102643534
1614,8.101462639,8.102643534
1615,8.103810189,8.102643534
1616,8.101464101,8.102643534
1617,8.103808746,8.102643534
1618,8.101465559,8.102643534
1619,8.103807307,8.102643534
1620,8.101467013,8.102643534
1621,8.103805871,8.102643534
1622,8.101468463,8.102643534
1623,8.103804438,8.102643534
1624,8.10146991,8.102643534
1625,8.103803009,8.102643534
1626,8.101471354,8.102643534
1627,8.103801584,8.102643534
1628,8.101472794,8.102643534
1629,8.103800162,8.102643534
1630,8.10147423,8.102643534
1631,8.103798744,8.102643534
1632,8.101475663,8.102643534
1633,8.103797329,8.102643534
1634,8.101477092,8.102643534
1635,8.103795917,8.102643534
1636,8.101478518,8.102643534
1637,8.103794509,8.102643534
1638,8.101479941,8.102643534
1639,8.103793105,8.102643534
1640,8.101481359,8.102643534
1641,8.103791703,8.102643534
1642,8.101482775,8.102643534
1643,8.103790306,8.102643534
1644,8.101484187,8.102643534
1645,8.103788911,8.102643534
1646,8.101485596,8.102643534
1647,8.10378752,8.102643534
1648,8.101487001,8.102643534
1649,8.103786133,8.102643534
1650,8.101488402,8.102643534
1651,8.103784748,8.102643534
1652,8.101489801,8.102643534
1653,8.103783368,8.102643534
1654,8.101491196,8.102643534
1655,8.10378199,8.102643534
1656,8.101492587,8.102643534
1657,8.103780616,8.102643534
1658,8.101493976,8.102643534
1659,8.103779245,8.102643534
1660,8.101495361,8.102643534
1661,8.103777877,8.102643534
1662,8.101496742,8.102643534
1663,8.103776513,8.102643534
1664,8.10149812,8.102643534
1665,8.103775152,8.102643534
1666,8.101499495,8.102643534
1667,8.103773794,8.102643534
1668,8.101500867,8.102643534
1669,8.10377244,8.102643534
1670,8.101502235,8.102643534
1671,8.103771088,8.102643534
1672,8.1015036,8.102643534
1673,8.10376974,8.102643534
1674,8.101504962,8.102643534
1675,8.103768396,8.102643534
1676,8.101506321,8.102643534
1677,8.103767054,8.102643534
1678,8.101507676,8.102643534
1679,8.103765715,8.102643534
1680,8.101509028,8.102643534
1681,8.10376438,8.102643534
1682,8.101510377,8.102643534
1683,8.103763048,8.102643534
1684,8.101511723,8.102643534
1685,8.103761719,8.102643534
1686,8.101513065,8.102643534
1687,8.103760394,8.102643534
1688,8.101514405,8.102643534
1689,8.103759071,8.102643534
1690,8.101515741,8.102643534
1691,8.103757751,8.102643534
1692,8.101517074,8.102643534
1693,8.103756435,8.102643534
1694,8.101518404,8.102643534
1695,8.103755122,8.102643534
1696,8.10151973,8.102643534
1697,8.103753812,8.102643534
1698,8.101521054,8.102643534
1699,8.103752505,8.102643534
1700,8.101522374,8.102643534
1701,8.103751201,8.102643534
1702,8.101523692,8.102643534
1703,8.1037499,8.102643534
1704,8.101525006,8.102643534
1705,8.103748602,8.102643534
1706,8.101526317,8.102643534
1707,8.103747307,8.102643534
1708,8.101527625,8.102643534
1709,8.103746015,8.102643534
1710,8.10152893,8.102643534
1711,8.103744726,8.102643534
1712,8.101530232,8.102643534
1713,8.103743441,8.102643534
1714,8.101531531,8.102643534
1715,8.103742158,8.102643534
1716,8.101532827,8.102643534
1717,8.103740878,8.102643534
1718,8.10153412,8.102643534
1719,8.103739601,8.102643534
1720,8.10153541,8.102643534
1721,8.103738327,8.102643534
1722,8.101536697,8.102643534
1723,8.103737056,8.102643534
1724,8.101537981,8.102643534
1725,8.103735789,8.102643534
1726,8.101539262,8.102643534
1727,8.103734523,8.102643534
1728,8.10154054,8.102643534
1729,8.103733261,8.102643534
1730,8.101541815,8.102643534
1731,8.103732002,8.102643534
1732,8.101543087,8.102643534
1733,8.103730746,8.102643534
1734,8.101544356,8.102643534
1735,8.103729493,8.102643534
1736,8.101545623,8.102643534
1737,8.103728242,8.102643534
1738,8.101546886,8.102643534
1739,8.103726995,8.102643534
1740,8.101548146,8.102643534
1741,8.10372575,8.102643534
1742,8.101549404,8.102643534
1743,8.103724508,8.102643534
1744,8.101550659,8.102643534
1745,8.103723269,8.102643534
1746,8.10155191,8.102643534
1747,8.103722033,8.102643534
1748,8.101553159,8.102643534
1749,8.103720799,8.102643534
1750,8.101554405,8.102643534
1751,8.103719569,8.102643534
1752,8.101555648,8.102643534
1753,8.103718341,8.102643534
1754,8.101556889,8.102643534
1755,8.103717116,8.102643534
1756,8.101558126,8.102643534
1757,8.103715894,8.102643534
1758,8.101559361,8.102643534
1759,8.103714675,8.102643534
1760,8.101560593,8.102643534
1761,8.103713458,8.102643534
1762,8.101561822,8.102643534
1763,8.103712244,8.102643534
1764,8.101563049,8.102643534
1765,8.103711033,8.102643534
1766,8.101564272,8.102643534
1767,8.103709825,8.102643534
1768,8.101565493,8.102643534
1769,8.103708619,8.102643534
1770,8.101566711,8.102643534
1771,8.103707416,8.102643534
1772,8.101567926,8.102643534
1773,8.103706216,8.102643534
1774,8.101569139,8.102643534
1775,8.103705019,8.102643534
1776,8.101570349,8.102643534
1777,8.103703824,8.102643534
1778,8.101571556,8.102643534
1779,8.103702632,8.102643534
1780,8.10157276,8.102643534
1781,8.103701442,8.102643534
1782,8.101573962,8.102643534
1783,8.103700256,8.102643534
1784,8.101575161,8.102643534
1785,8.103699072,8.102643534
1786,8.101576357,8.102643534
1787,8.10369789,8.102643534
1788,8.101577551,8.102643534
1789,8.103696711,8.102643534
1790,8.101578742,8.102643534
1791,8.103695535,8.102643534
1792,8.10157993,8.102643534
1793,8.103694362,8.102643534
1794,8.101581116,8.102643534
1795,8.103693191,8.102643534
1796,8.101582299,8.102643534
1797,8.103692022,8.102643534
1798,8.101583479,8.102643534
1799,8.103690857,8.102643534
1800,8.101584657,8.102643534
1801,8.103689694,8.102643534
1802,8.101585832,8.102643534
1803,8.103688533,8.102643534
1804,8.101587004,8.102643534
1805,8.103687375,8.102643534
1806,8.101588174,8.102643534
1807,8.10368622,8.102643534
1808,8.101589342,8.102643534
1809,8.103685067,8.102643534
1810,8.101590506,8.102643534
1811,8.103683916,8.102643534
1812,8.101591669,8.102643534
1813,8.103682769,8.102643534
1814,8.101592828,8.102643534
1815,8.103681623,8.102643534
1816,8.101593985,8.102643534
1817,8.103680481,8.102643534
1818,8.10159514,8.102643534
1819,8.103679341,8.102643534
1820,8.101596292,8.102643534
1821,8.103678203,8.102643534
1822,8.101597441,8.102643534
1823,8.103677068,8.102643534
1824,8.101598588,8.102643534
1825,8.103675935,8.102643534
1826,8.101599733,8.102643534
1827,8.103674805,8.102643534
1828,8.101600875,8.102643534
1829,8.103673677,8.102643534
1830,8.101602014,8.102643534
1831,8.103672552,8.102643534
1832,8.101603151,8.102643534
1833,8.103671429,8.102643534
1834,8.101604286,8.102643534
1835,8.103670308,8.102643534
1836,8.101605418,8.102643534
1837,8.10366919,8.102643534
1838,8.101606547,8.102643534
1839,8.103668075,8.102643534
1840,8.101607674,8.102643534
1841,8.103666962,8.102643534
1842,8.101608799,8.102643534
1843,8.103665851,8.102643534
1844,8.101609921,8.102643534
1845,8.103664743,8.102643534
1846,8.101611041,8.102643534
1847,8.103663637,8.102643534
1848,8.101612158,8.102643534
1849,8.103662533,8.102643534
1850,8.101613273,8.102643534
1851,8.103661432,8.102643534
1852,8.101614386,8.102643534
1853,8.103660334,8.102643534
1854,8.101615496,8.102643534
1855,8.103659237,8.102643534
1856,8.101616603,8.102643534
1857,8.103658143,8.102643534
1858,8.101617709,8.102643534
1859,8.103657052,8.102643534
1860,8.101618812,8.102643534
1861,8.103655962,8.102643534
1862,8.101619912,8.102643534
1863,8.103654875,8.102643534
1864,8.101621011,8.102643534
1865,8.103653791,8.102643534
1866,8.101622106,8.102643534
1867,8.103652709,8.102643534
1868,8.1016232,8.102643534
1869,8.103651629,8.102643534
1870,8.101624291,8.102643534
1871,8.103650551,8.102643534
1872,8.10162538,8.102643534
1873,8.103649475,8.102643534
1874,8.101626467,8.102643534
1875,8.103648402,8.102643534
1876,8.101627551,8.102643534
1877,8.103647332,8.102643534
1878,8.101628633,8.102643534
1879,8.103646263,8.102643534
1880,8.101629712,8.102643534
1881,8.103645197,8.102643534
1882,8.10163079,8.102643534
1883,8.103644133,8.102643534
1884,8.101631865,8.102643534
1885,8.103643071,8.102643534
